Date,Ticker,Close,Volume,Open,High,Low,Daily_Return_Pct,SMA_20,SMA_50,Avg_Volume,Volume_Spike_Pct,Is_Volume_Anomaly
2025-01-01,AAPL,148.41,1758799,148.41,149.43,147.85,0.0,148.41,148.41,2221916,-20.8,False
2025-01-02,AAPL,146.75,1825116,148.41,149.0,145.92,-1.12,147.58,147.58,2221916,-17.9,False
2025-01-03,AAPL,148.3,2245105,146.75,148.93,145.58,1.06,147.82,147.82,2221916,1.0,False
2025-01-06,AAPL,149.49,2750154,148.3,149.5,148.06,0.8,148.24,148.24,2221916,23.8,False
2025-01-07,AAPL,148.08,1951380,149.49,149.55,147.59,-0.94,148.21,148.21,2221916,-12.2,False
2025-01-08,AAPL,148.37,2262567,148.08,149.38,147.96,0.2,148.23,148.23,2221916,1.8,False
2025-01-09,AAPL,148.19,1756201,148.37,148.67,147.54,-0.12,148.23,148.23,2221916,-21.0,False
2025-01-10,AAPL,150.91,2466697,148.19,152.82,146.97,1.84,148.56,148.56,2221916,11.0,False
2025-01-13,AAPL,150.68,2257185,150.91,151.45,150.47,-0.15,148.8,148.8,2221916,1.6,False
2025-01-14,AAPL,148.57,2491193,150.68,150.84,148.01,-1.4,148.78,148.78,2221916,12.1,False
2025-01-15,AAPL,149.95,3095174,148.57,150.36,146.95,0.93,148.88,148.88,2221916,39.3,False
2025-01-16,AAPL,146.4,2234817,149.95,150.27,146.01,-2.37,148.67,148.67,2221916,0.6,False
2025-01-17,AAPL,147.71,1903193,146.4,147.82,146.03,0.89,148.6,148.6,2221916,-14.3,False
2025-01-20,AAPL,150.26,2379708,147.71,151.76,146.81,1.73,148.72,148.72,2221916,7.1,False
2025-01-21,AAPL,148.37,1360066,150.26,150.44,147.66,-1.26,148.7,148.7,2221916,-38.8,False
2025-01-22,AAPL,148.81,2406889,148.37,150.31,148.3,0.3,148.7,148.7,2221916,8.3,False
2025-01-23,AAPL,148.2,2029098,148.81,150.02,146.99,-0.41,148.67,148.67,2221916,-8.7,False
2025-01-24,AAPL,149.33,1773232,148.2,151.23,148.06,0.76,148.71,148.71,2221916,-20.2,False
2025-01-27,AAPL,149.38,1613338,149.33,149.83,148.55,0.03,148.75,148.75,2221916,-27.4,False
2025-01-28,AAPL,154.02,2191147,149.38,155.34,148.37,3.11,149.01,149.01,2221916,-1.4,False
2025-01-29,AAPL,156.67,2698831,154.02,157.48,154.01,1.72,149.42,149.37,2221916,21.5,False
2025-01-30,AAPL,155.08,1271089,156.67,157.62,154.45,-1.01,149.84,149.63,2221916,-42.8,False
2025-01-31,AAPL,154.86,2251757,155.08,155.1,154.22,-0.14,150.17,149.86,2221916,1.3,False
2025-02-03,AAPL,151.49,1732143,154.86,156.22,150.93,-2.18,150.27,149.93,2221916,-22.0,False
2025-02-04,AAPL,151.67,1752424,151.49,152.15,149.31,0.12,150.45,150.0,2221916,-21.1,False
2025-02-05,AAPL,148.83,2128370,151.67,151.67,148.43,-1.87,150.47,149.95,2221916,-4.2,False
2025-02-06,AAPL,150.1,1618735,148.83,150.4,148.53,0.85,150.56,149.96,2221916,-27.1,False
2025-02-07,AAPL,148.44,1876768,150.1,150.78,148.27,-1.11,150.44,149.9,2221916,-15.5,False
2025-02-10,AAPL,144.35,2242327,148.44,148.97,143.57,-2.76,150.12,149.71,2221916,0.9,False
2025-02-11,AAPL,144.83,2513176,144.35,146.08,142.34,0.33,149.94,149.55,2221916,13.1,False
2025-02-12,AAPL,144.88,2003581,144.83,145.21,144.81,0.03,149.68,149.4,2221916,-9.8,False
2025-02-13,AAPL,146.18,1592516,144.88,146.92,144.87,0.9,149.67,149.3,2221916,-28.3,False
2025-02-14,AAPL,145.79,1753321,146.18,146.42,145.06,-0.27,149.58,149.19,2221916,-21.1,False
2025-02-17,AAPL,143.46,1611072,145.79,147.21,142.94,-1.6,149.24,149.02,2221916,-27.5,False
2025-02-18,AAPL,142.09,1625561,143.46,144.89,140.89,-0.95,148.92,148.83,2221916,-26.8,False
2025-02-19,AAPL,145.03,1853013,142.09,145.81,140.75,2.07,148.73,148.72,2221916,-16.6,False
2025-02-20,AAPL,143.91,2801326,145.03,145.98,142.71,-0.77,148.52,148.59,2221916,26.1,False
2025-02-21,AAPL,146.29,2020901,143.91,147.82,143.16,1.65,148.37,148.53,2221916,-9.0,False
2025-02-24,AAPL,142.54,1667554,146.29,146.7,141.7,-2.56,148.03,148.38,2221916,-24.9,False
2025-02-25,AAPL,148.36,13600000,142.54,148.45,141.64,4.08,147.74,148.38,2221916,512.1,True
2025-02-26,AAPL,141.86,2178071,148.36,149.72,140.95,-4.38,147.0,148.22,2221916,-2.0,False
2025-02-27,AAPL,143.28,2242982,141.86,144.7,141.48,1.0,146.41,148.1,2221916,0.9,False
2025-02-28,AAPL,141.55,2407962,143.28,143.78,141.31,-1.21,145.75,147.95,2221916,8.4,False
2025-03-03,AAPL,145.25,1820207,141.55,145.36,141.06,2.61,145.43,147.89,2221916,-18.1,False
2025-03-04,AAPL,144.75,2110832,145.25,145.96,144.34,-0.34,145.09,147.82,2221916,-5.0,False
2025-03-05,AAPL,144.36,1917467,144.75,145.89,143.36,-0.27,144.86,147.74,2221916,-13.7,False
2025-03-06,AAPL,139.92,2273175,144.36,145.56,139.39,-3.08,144.36,147.57,2221916,2.3,False
2025-03-07,AAPL,139.84,2032436,139.92,140.01,139.34,-0.06,143.93,147.41,2221916,-8.5,False
2025-03-10,AAPL,143.23,1933877,139.84,143.35,139.35,2.42,143.87,147.33,2221916,-13.0,False
2025-03-11,AAPL,147.38,1554004,143.23,148.22,142.95,2.9,144.0,147.33,2221916,-30.1,False
2025-03-12,AAPL,145.36,1333171,147.38,147.75,145.02,-1.37,144.02,147.27,2221916,-40.0,False
2025-03-13,AAPL,147.45,1531808,145.36,147.75,144.78,1.44,144.08,147.28,2221916,-31.1,False
2025-03-14,AAPL,149.1,2384996,147.45,151.18,146.27,1.12,144.25,147.3,2221916,7.3,False
2025-03-17,AAPL,151.37,1497793,149.1,151.72,148.58,1.52,144.65,147.34,2221916,-32.6,False
2025-03-18,AAPL,150.02,2557546,151.37,151.81,148.64,-0.89,145.04,147.37,2221916,15.1,False
2025-03-19,AAPL,148.4,1402820,150.02,150.55,148.2,-1.08,145.21,147.38,2221916,-36.9,False
2025-03-20,AAPL,150.92,1846242,148.4,151.49,146.63,1.7,145.56,147.43,2221916,-16.9,False
2025-03-21,AAPL,148.53,2028113,150.92,151.27,147.4,-1.58,145.67,147.38,2221916,-8.7,False
2025-03-24,AAPL,152.13,1627325,148.53,153.16,148.15,2.42,146.15,147.41,2221916,-26.8,False
2025-03-25,AAPL,154.05,2520202,152.13,154.78,151.86,1.26,146.44,147.52,2221916,13.4,False
2025-03-26,AAPL,154.27,1907883,154.05,154.43,153.87,0.14,147.06,147.61,2221916,-14.1,False
2025-03-27,AAPL,156.56,2245819,154.27,157.37,152.99,1.48,147.72,147.81,2221916,1.1,False
2025-03-28,AAPL,159.78,1545629,156.56,160.12,155.21,2.06,148.63,148.05,2221916,-30.4,False
2025-03-31,AAPL,161.1,1757781,159.78,162.37,158.69,0.83,149.43,148.27,2221916,-20.9,False
2025-04-01,AAPL,161.6,1814205,161.1,161.67,160.49,0.31,150.27,148.53,2221916,-18.3,False
2025-04-02,AAPL,162.33,1819105,161.6,162.78,161.34,0.45,151.17,148.8,2221916,-18.1,False
2025-04-03,AAPL,161.66,1722407,162.33,162.57,161.38,-0.41,152.25,149.07,2221916,-22.5,False
2025-04-04,AAPL,163.93,1578434,161.66,164.05,161.52,1.4,153.46,149.36,2221916,-29.0,False
2025-04-07,AAPL,164.71,2058257,163.93,165.55,163.31,0.48,154.53,149.67,2221916,-7.4,False
2025-04-08,AAPL,164.82,2548896,164.71,166.23,164.23,0.07,155.4,149.89,2221916,14.7,False
2025-04-09,AAPL,161.84,2214481,164.82,165.88,160.65,-1.81,156.23,149.99,2221916,-0.3,False
2025-04-10,AAPL,162.54,1927771,161.84,163.09,160.46,0.43,156.98,150.14,2221916,-13.2,False
2025-04-11,AAPL,161.68,1707434,162.54,163.17,160.88,-0.53,157.61,150.28,2221916,-23.2,False
2025-04-14,AAPL,161.67,2285762,161.68,162.51,160.82,-0.01,158.13,150.48,2221916,2.9,False
2025-04-15,AAPL,165.29,2095436,161.67,166.14,161.33,2.24,158.89,150.75,2221916,-5.7,False
2025-04-16,AAPL,165.26,2212104,165.29,165.66,165.23,-0.02,159.73,151.08,2221916,-0.4,False
2025-04-17,AAPL,166.74,2356071,165.26,167.61,164.17,0.9,160.52,151.41,2221916,6.0,False
2025-04-18,AAPL,169.47,1357001,166.74,170.65,166.48,1.64,161.57,151.83,2221916,-38.9,False
2025-04-21,AAPL,167.54,2420807,169.47,170.2,166.58,-1.14,162.34,152.3,2221916,9.0,False
2025-04-22,AAPL,171.01,2056808,167.54,171.5,166.96,2.07,163.19,152.82,2221916,-7.4,False
2025-04-23,AAPL,171.3,1642151,171.01,171.6,169.86,0.17,164.04,153.35,2221916,-26.1,False
2025-04-24,AAPL,170.68,2105434,171.3,171.39,170.02,-0.36,164.75,153.84,2221916,-5.2,False
2025-04-25,AAPL,170.0,1422927,170.68,171.88,169.76,-0.4,165.26,154.32,2221916,-36.0,False
2025-04-28,AAPL,172.3,2191876,170.0,173.3,169.46,1.35,165.82,154.9,2221916,-1.4,False
2025-04-29,AAPL,171.18,2517364,172.3,173.0,170.61,-0.65,166.3,155.48,2221916,13.3,False
2025-04-30,AAPL,174.17,1639455,171.18,174.5,170.07,1.75,166.89,156.07,2221916,-26.2,False
2025-05-01,AAPL,179.1,1904926,174.17,179.39,173.76,2.83,167.76,156.77,2221916,-14.3,False
2025-05-02,AAPL,184.35,1828106,179.1,184.85,177.02,2.93,168.78,157.53,2221916,-17.7,False
2025-05-05,AAPL,182.45,1539789,184.35,185.62,181.69,-1.03,169.67,158.33,2221916,-30.7,False
2025-05-06,AAPL,180.69,1630403,182.45,184.13,179.97,-0.96,170.46,158.98,2221916,-26.6,False
2025-05-07,AAPL,177.68,2107460,180.69,181.41,177.4,-1.67,171.26,159.69,2221916,-5.2,False
2025-05-08,AAPL,180.47,1994916,177.68,180.78,176.69,1.57,172.15,160.44,2221916,-10.2,False
2025-05-09,AAPL,181.79,2126390,180.47,182.85,179.29,0.73,173.16,161.24,2221916,-4.3,False
2025-05-12,AAPL,186.56,1896229,181.79,186.69,181.71,2.62,174.4,162.07,2221916,-14.7,False
2025-05-13,AAPL,189.58,1710073,186.56,191.46,185.61,1.62,175.62,162.96,2221916,-23.0,False
2025-05-14,AAPL,190.3,2194074,189.58,190.95,188.93,0.38,176.87,163.88,2221916,-1.3,False
2025-05-15,AAPL,191.42,1613989,190.3,192.08,189.99,0.59,178.1,164.91,2221916,-27.4,False
2025-05-16,AAPL,188.43,1643098,191.42,192.18,188.05,-1.56,179.05,165.88,2221916,-26.1,False
2025-05-19,AAPL,182.74,2405222,188.43,190.23,181.22,-3.02,179.81,166.67,2221916,8.2,False
2025-05-20,AAPL,174.2,14800000,182.74,183.45,173.03,-4.67,179.97,167.21,2221916,566.1,True
2025-05-21,AAPL,183.4,1375438,174.2,183.56,174.13,5.28,180.57,167.97,2221916,-38.1,False
2025-05-22,AAPL,186.3,2019437,183.4,186.64,182.56,1.58,181.36,168.75,2221916,-9.1,False
2025-05-23,AAPL,188.01,1591542,186.3,188.87,185.46,0.92,182.26,169.53,2221916,-28.4,False
2025-05-26,AAPL,187.0,2423584,188.01,190.87,185.88,-0.54,182.99,170.24,2221916,9.1,False
2025-05-27,AAPL,184.47,1790322,187.0,188.68,183.67,-1.35,183.66,170.93,2221916,-19.4,False
2025-05-28,AAPL,184.01,1783723,184.47,186.03,183.56,-0.25,184.15,171.64,2221916,-19.7,False
2025-05-29,AAPL,182.64,2223712,184.01,185.41,182.11,-0.74,184.32,172.27,2221916,0.1,False
2025-05-30,AAPL,187.88,1987046,182.64,188.41,182.08,2.87,184.5,173.06,2221916,-10.6,False
2025-06-02,AAPL,189.9,1836549,187.88,190.63,187.56,1.08,184.87,173.82,2221916,-17.3,False
2025-06-03,AAPL,186.11,1895529,189.9,190.61,185.43,-2.0,185.14,174.46,2221916,-14.7,False
2025-06-04,AAPL,184.27,1943383,186.11,187.3,184.18,-0.99,185.47,175.06,2221916,-12.5,False
2025-06-05,AAPL,181.6,1984481,184.27,185.23,179.85,-1.45,185.53,175.56,2221916,-10.7,False
2025-06-06,AAPL,184.38,1748015,181.6,185.81,179.63,1.53,185.66,176.05,2221916,-21.3,False
2025-06-09,AAPL,183.67,2027460,184.38,184.58,183.17,-0.39,185.52,176.5,2221916,-8.8,False
2025-06-10,AAPL,185.38,2053116,183.67,186.05,183.14,0.93,185.31,176.98,2221916,-7.6,False
2025-06-11,AAPL,186.66,2204494,185.38,187.74,184.83,0.69,185.12,177.46,2221916,-0.8,False
2025-06-12,AAPL,183.08,2402884,186.66,188.01,182.85,-1.92,184.71,177.89,2221916,8.1,False
2025-06-13,AAPL,178.62,2406352,183.08,184.83,178.13,-2.44,184.22,178.19,2221916,8.3,False
2025-06-16,AAPL,179.75,1818480,178.62,179.9,177.84,0.63,184.07,178.49,2221916,-18.2,False
2025-06-17,AAPL,182.26,1612805,179.75,183.07,179.49,1.4,184.47,178.84,2221916,-27.4,False
2025-06-18,AAPL,179.26,2009344,182.26,182.75,179.24,-1.65,184.26,179.18,2221916,-9.6,False
2025-06-19,AAPL,175.94,1937442,179.26,179.65,175.9,-1.85,183.74,179.45,2221916,-12.8,False
2025-06-20,AAPL,177.09,2292225,175.94,178.54,175.29,0.65,183.2,179.76,2221916,3.2,False
2025-06-23,AAPL,178.49,1568346,177.09,178.92,175.67,0.79,182.77,180.1,2221916,-29.4,False
2025-06-24,AAPL,178.29,2069123,178.49,179.22,177.43,-0.11,182.46,180.36,2221916,-6.9,False
2025-06-25,AAPL,182.99,1984656,178.29,183.87,176.9,2.64,182.41,180.71,2221916,-10.7,False
2025-06-26,AAPL,183.68,1544955,182.99,184.28,182.38,0.38,182.46,181.05,2221916,-30.5,False
2025-06-27,AAPL,180.2,1811809,183.68,184.24,179.73,-1.89,182.08,181.27,2221916,-18.5,False
2025-06-30,AAPL,183.56,1525937,180.2,184.86,179.89,1.86,181.76,181.59,2221916,-31.3,False
2025-07-01,AAPL,185.68,2184698,183.56,186.18,183.0,1.15,181.74,181.88,2221916,-1.7,False
2025-07-02,AAPL,191.76,2439519,185.68,193.07,184.24,3.27,182.12,182.29,2221916,9.8,False
2025-07-03,AAPL,187.1,2251801,191.76,192.92,186.69,-2.43,182.39,182.62,2221916,1.3,False
2025-07-04,AAPL,189.45,2388902,187.1,189.71,187.08,1.26,182.65,183.01,2221916,7.5,False
2025-07-07,AAPL,189.97,2474080,189.45,190.76,187.49,0.27,182.96,183.36,2221916,11.3,False
2025-07-08,AAPL,196.33,2106160,189.97,197.4,189.83,3.35,183.51,183.86,2221916,-5.2,False
2025-07-09,AAPL,198.78,2605675,196.33,199.88,194.39,1.25,184.11,184.35,2221916,17.3,False
2025-07-10,AAPL,199.94,1926630,198.78,200.01,197.98,0.58,184.96,184.77,2221916,-13.3,False
2025-07-11,AAPL,202.82,1572951,199.94,202.97,198.85,1.44,186.17,185.14,2221916,-29.2,False
2025-07-14,AAPL,201.43,1667348,202.82,203.55,200.31,-0.69,187.25,185.52,2221916,-25.0,False
2025-07-15,AAPL,206.9,1438622,201.43,207.34,201.04,2.72,188.48,186.04,2221916,-35.3,False
2025-07-16,AAPL,205.54,1824339,206.9,207.89,205.09,-0.66,189.8,186.6,2221916,-17.9,False
2025-07-17,AAPL,205.23,2398436,205.54,205.75,202.82,-0.15,191.26,187.1,2221916,7.9,False
2025-07-18,AAPL,203.38,1915245,205.23,206.47,202.84,-0.9,192.58,187.53,2221916,-13.8,False
2025-07-21,AAPL,204.92,1911675,203.38,206.86,203.22,0.76,193.9,187.9,2221916,-14.0,False
2025-07-22,AAPL,207.05,2122215,204.92,207.79,204.51,1.04,195.34,188.25,2221916,-4.5,False
2025-07-23,AAPL,204.53,1985589,207.05,208.1,203.82,-1.22,196.41,188.53,2221916,-10.6,False
2025-07-24,AAPL,204.19,2095798,204.53,205.47,203.54,-0.17,197.44,188.79,2221916,-5.7,False
2025-07-25,AAPL,205.85,1611655,204.19,206.07,203.72,0.81,198.72,189.13,2221916,-27.5,False
2025-07-28,AAPL,206.52,1490004,205.85,207.39,203.51,0.33,199.87,189.61,2221916,-32.9,False
2025-07-29,AAPL,205.96,2056486,206.52,206.77,204.84,-0.27,200.88,190.24,2221916,-7.4,False
2025-07-30,AAPL,205.62,1561294,205.96,206.01,204.18,-0.17,201.58,190.69,2221916,-29.7,False
2025-07-31,AAPL,206.8,1891484,205.62,206.97,204.53,0.57,202.56,191.1,2221916,-14.9,False
2025-08-01,AAPL,212.41,1361997,206.8,214.31,205.87,2.71,203.71,191.59,2221916,-38.7,False
2025-08-04,AAPL,213.12,1249653,212.41,214.87,211.59,0.33,204.87,192.11,2221916,-43.8,False
2025-08-05,AAPL,208.28,1514447,213.12,215.24,207.54,-2.27,205.46,192.59,2221916,-31.8,False
2025-08-06,AAPL,210.93,1712897,208.28,212.0,206.33,1.27,206.07,193.12,2221916,-22.9,False
2025-08-07,AAPL,208.79,1702814,210.93,211.42,208.14,-1.01,206.51,193.65,2221916,-23.4,False
2025-08-08,AAPL,205.96,2145783,208.79,209.8,205.28,-1.36,206.67,194.01,2221916,-3.4,False
2025-08-11,AAPL,201.75,1779013,205.96,208.04,201.12,-2.04,206.69,194.25,2221916,-19.9,False
2025-08-12,AAPL,201.99,2385662,201.75,203.48,199.19,0.12,206.44,194.56,2221916,7.4,False
2025-08-13,AAPL,202.22,2486076,201.99,202.36,201.03,0.11,206.28,194.92,2221916,11.9,False
2025-08-14,AAPL,194.18,13000000,202.22,202.82,193.33,-3.98,205.72,195.17,2221916,485.1,False
2025-08-15,AAPL,205.26,1486369,194.18,205.29,193.35,5.71,205.82,195.59,2221916,-33.1,False
2025-08-18,AAPL,209.4,2184590,205.26,210.05,204.58,2.02,206.04,196.11,2221916,-1.7,False
2025-08-19,AAPL,213.63,2535779,209.4,214.68,208.44,2.02,206.37,196.67,2221916,14.1,False
2025-08-20,AAPL,212.98,1929365,213.63,214.05,211.69,-0.3,206.79,197.2,2221916,-13.2,False
2025-08-21,AAPL,215.91,2509013,212.98,217.06,212.47,1.38,207.38,197.85,2221916,12.9,False
2025-08-22,AAPL,215.25,2168835,215.91,216.45,214.83,-0.31,207.85,198.59,2221916,-2.4,False
2025-08-25,AAPL,219.51,2271833,215.25,220.84,214.3,1.98,208.5,199.38,2221916,2.2,False
2025-08-26,AAPL,218.78,2283038,219.51,220.87,218.57,-0.33,209.14,200.11,2221916,2.8,False
2025-08-27,AAPL,219.34,2486283,218.78,219.39,217.47,0.26,209.82,200.91,2221916,11.9,False
2025-08-28,AAPL,221.01,1408264,219.34,221.31,218.36,0.76,210.54,201.82,2221916,-36.6,False
2025-08-29,AAPL,224.6,1966947,221.01,225.77,219.15,1.62,211.14,202.77,2221916,-11.5,False
2025-09-01,AAPL,229.81,2545731,224.6,230.03,223.22,2.32,211.98,203.79,2221916,14.6,False
2025-09-02,AAPL,231.48,1871693,229.81,233.89,228.51,0.73,213.14,204.86,2221916,-15.8,False
2025-09-03,AAPL,233.63,2068262,231.48,235.27,230.19,0.93,214.27,205.87,2221916,-6.9,False
2025-09-04,AAPL,239.91,1959216,233.63,241.9,231.7,2.69,215.83,206.99,2221916,-11.8,False
2025-09-05,AAPL,241.58,1974619,239.91,243.86,239.04,0.7,217.61,208.22,2221916,-11.1,False
2025-09-08,AAPL,236.95,1847140,241.58,242.4,236.62,-1.92,219.37,209.29,2221916,-16.9,False
2025-09-09,AAPL,233.91,1553354,236.95,238.57,233.46,-1.28,220.97,210.25,2221916,-30.1,False
2025-09-10,AAPL,232.34,1747743,233.91,234.51,232.22,-0.67,222.47,211.06,2221916,-21.3,False
2025-09-11,AAPL,236.25,2410761,232.34,240.23,231.5,1.68,224.58,212.05,2221916,8.5,False
2025-09-12,AAPL,236.8,1767896,236.25,238.67,232.93,0.23,226.15,212.99,2221916,-20.4,False
2025-09-15,AAPL,239.51,1763753,236.8,239.99,236.2,1.14,227.66,213.99,2221916,-20.6,False
2025-09-16,AAPL,232.53,1641012,239.51,239.93,231.07,-2.91,228.6,214.71,2221916,-26.1,False
2025-09-17,AAPL,236.33,2331111,232.53,236.94,231.96,1.63,229.77,215.46,2221916,4.9,False
2025-09-18,AAPL,234.32,1919215,236.33,236.85,233.3,-0.85,230.69,216.15,2221916,-13.6,False
2025-09-19,AAPL,231.75,1505755,234.32,234.42,231.27,-1.1,231.52,216.73,2221916,-32.2,False
2025-09-22,AAPL,237.64,1733256,231.75,239.06,228.56,2.54,232.42,217.45,2221916,-22.0,False
2025-09-23,AAPL,239.01,1987937,237.64,241.48,235.5,0.58,233.44,218.09,2221916,-10.5,False
2025-09-24,AAPL,242.71,2359659,239.01,242.75,236.44,1.55,234.6,218.84,2221916,6.2,False
2025-09-25,AAPL,244.95,2119118,242.71,245.31,239.8,0.92,235.8,219.63,2221916,-4.6,False
2025-09-26,AAPL,241.66,2009319,244.95,247.05,239.76,-1.34,236.65,220.4,2221916,-9.6,False
2025-09-29,AAPL,243.44,1928820,241.66,245.07,240.12,0.74,237.33,221.17,2221916,-13.2,False
2025-09-30,AAPL,248.41,2027490,243.44,251.03,241.87,2.04,238.18,221.99,2221916,-8.8,False
2025-10-01,AAPL,242.86,1931630,248.41,250.5,241.25,-2.23,238.64,222.76,2221916,-13.1,False
2025-10-02,AAPL,236.24,2297051,242.86,243.01,234.44,-2.73,238.46,223.4,2221916,3.4,False
2025-10-03,AAPL,237.54,2240073,236.24,238.24,234.59,0.55,238.26,224.04,2221916,0.8,False
2025-10-06,AAPL,235.83,2084059,237.54,238.5,233.04,-0.72,238.2,224.62,2221916,-6.2,False
2025-10-07,AAPL,232.17,3211097,235.83,238.51,230.57,-1.55,238.11,225.15,2221916,44.5,False
2025-10-08,AAPL,229.26,2078766,232.17,234.5,227.72,-1.25,237.96,225.62,2221916,-6.4,False
2025-10-09,AAPL,226.97,2133117,229.26,231.28,226.87,-1.0,237.5,226.02,2221916,-4.0,False
2025-10-10,AAPL,225.61,1674556,226.97,227.74,225.41,-0.6,236.94,226.29,2221916,-24.6,False
2025-10-13,AAPL,223.75,1776668,225.61,227.44,222.03,-0.82,236.15,226.5,2221916,-20.0,False
2025-10-14,AAPL,224.06,2272305,223.75,225.09,221.17,0.14,235.73,226.81,2221916,2.3,False
2025-10-15,AAPL,233.5,2330294,224.06,234.19,222.73,4.21,235.58,227.27,2221916,4.9,False
2025-10-16,AAPL,232.59,2545252,233.5,233.89,230.15,-0.39,235.5,227.74,2221916,14.6,False
2025-10-17,AAPL,235.93,2288028,232.59,236.62,232.25,1.44,235.71,228.34,2221916,3.0,False
2025-10-20,AAPL,238.21,2066395,235.93,238.59,234.78,0.97,235.74,229.07,2221916,-7.0,False
2025-10-21,AAPL,242.8,1646664,238.21,245.89,237.33,1.93,235.92,229.89,2221916,-25.9,False
2025-10-22,AAPL,242.15,2050795,242.8,242.85,241.88,-0.27,235.9,230.68,2221916,-7.7,False
2025-10-23,AAPL,256.87,16200000,242.15,260.39,241.5,6.08,236.49,231.94,2221916,629.1,True
2025-10-24,AAPL,242.83,1494809,256.87,258.41,241.01,-5.47,236.55,232.69,2221916,-32.7,False
2025-10-27,AAPL,239.28,1700611,242.83,243.32,239.15,-1.46,236.34,233.29,2221916,-23.5,False
2025-10-28,AAPL,240.7,2423327,239.28,241.22,238.84,0.59,235.96,233.83,2221916,9.1,False
2025-10-29,AAPL,244.6,1981154,240.7,246.06,239.36,1.62,236.04,234.46,2221916,-10.8,False
2025-10-30,AAPL,250.99,2634162,244.6,251.68,242.87,2.61,236.78,235.16,2221916,18.6,False
2025-10-31,AAPL,254.51,2350283,250.99,257.6,248.78,1.4,237.63,235.95,2221916,5.8,False
2025-11-03,AAPL,255.1,2174403,254.51,255.88,254.15,0.23,238.59,236.66,2221916,-2.1,False
2025-11-04,AAPL,254.96,1784768,255.1,255.78,253.96,-0.05,239.73,237.38,2221916,-19.7,False
2025-11-05,AAPL,259.68,1961218,254.96,262.28,251.46,1.85,241.25,238.19,2221916,-11.7,False
2025-11-06,AAPL,254.57,1444723,259.68,262.54,252.2,-1.97,242.63,238.86,2221916,-35.0,False
2025-11-07,AAPL,257.4,1971873,254.57,257.65,254.55,1.11,244.22,239.52,2221916,-11.3,False
2025-11-10,AAPL,255.4,1463923,257.4,257.62,254.95,-0.78,245.81,240.03,2221916,-34.1,False
2025-11-11,AAPL,254.51,2499138,255.4,259.08,254.39,-0.35,247.33,240.49,2221916,12.5,False
2025-11-12,AAPL,253.45,1735869,254.51,255.82,252.84,-0.42,248.33,240.89,2221916,-21.9,False
2025-11-13,AAPL,250.63,2455267,253.45,255.51,249.4,-1.11,249.23,241.1,2221916,10.5,False
2025-11-14,AAPL,252.01,1470739,250.63,253.7,250.51,0.55,250.03,241.31,2221916,-33.8,False
2025-11-17,AAPL,253.14,2012303,252.01,254.1,251.94,0.45,250.78,241.63,2221916,-9.4,False
2025-11-18,AAPL,246.66,2103474,253.14,253.23,244.99,-2.56,250.97,241.89,2221916,-5.3,False
2025-11-19,AAPL,252.06,2072471,246.66,255.75,246.21,2.19,251.47,242.28,2221916,-6.7,False
2025-11-20,AAPL,250.8,2348253,252.06,252.61,250.8,-0.5,251.16,242.57,2221916,5.7,False
2025-11-21,AAPL,248.44,2309656,250.8,252.98,245.77,-0.94,251.44,242.81,2221916,3.9,False
2025-11-24,AAPL,247.16,2226246,248.44,248.9,244.59,-0.52,251.84,242.96,2221916,0.2,False
2025-11-25,AAPL,247.71,2087208,247.16,248.47,246.81,0.22,252.19,243.26,2221916,-6.1,False
2025-11-26,AAPL,244.71,1606067,247.71,249.09,243.75,-1.21,252.19,243.43,2221916,-27.7,False
2025-11-27,AAPL,244.34,1974394,244.71,245.44,242.69,-0.15,251.86,243.63,2221916,-11.1,False
2025-11-28,AAPL,244.75,1699762,244.34,246.75,244.03,0.17,251.37,243.89,2221916,-23.5,False
2025-12-01,AAPL,234.87,2520863,244.75,247.1,232.4,-4.04,250.36,243.84,2221916,13.5,False
2025-12-02,AAPL,233.52,1481098,234.87,236.48,231.79,-0.57,249.29,243.73,2221916,-33.3,False
2025-12-03,AAPL,223.88,14000000,233.52,234.09,221.68,-4.13,247.5,243.35,2221916,530.1,True
2025-12-04,AAPL,228.23,2129732,223.88,230.7,222.98,1.94,246.18,243.01,2221916,-4.1,False
2025-12-05,AAPL,232.02,2074499,228.23,233.2,228.23,1.66,244.91,242.82,2221916,-6.6,False
2025-12-08,AAPL,231.46,1648494,232.02,233.0,230.76,-0.24,243.72,242.58,2221916,-25.8,False
2025-12-09,AAPL,229.49,2403936,231.46,234.12,228.58,-0.85,242.47,242.2,2221916,8.2,False
2025-12-10,AAPL,229.13,2157660,229.49,229.53,225.36,-0.16,241.25,241.93,2221916,-2.9,False
2025-12-11,AAPL,229.22,1647951,229.13,230.14,227.63,0.04,240.18,241.79,2221916,-25.8,False
2025-12-12,AAPL,235.85,1598823,229.22,238.06,227.43,2.89,239.37,241.76,2221916,-28.0,False
2025-12-15,AAPL,234.09,1729923,235.85,236.63,234.01,-0.75,238.42,241.72,2221916,-22.1,False
2025-12-16,AAPL,232.44,2274251,234.09,235.09,231.9,-0.7,237.71,241.73,2221916,2.4,False
2025-12-17,AAPL,226.87,2008950,232.44,232.59,225.96,-2.4,236.45,241.68,2221916,-9.6,False
2025-12-18,AAPL,228.36,1642078,226.87,228.95,224.6,0.66,235.33,241.71,2221916,-26.1,False
2025-12-19,AAPL,228.79,2142946,228.36,229.2,226.88,0.19,234.34,241.77,2221916,-3.6,False
2025-12-22,AAPL,232.29,1717859,228.79,233.02,227.57,1.53,233.6,241.94,2221916,-22.7,False
2025-12-23,AAPL,233.81,1751443,232.29,234.33,231.39,0.65,232.91,242.14,2221916,-21.2,False
2025-12-24,AAPL,233.51,1506048,233.81,234.8,232.29,-0.13,232.35,242.14,2221916,-32.2,False
2025-12-25,AAPL,234.01,2052909,233.51,235.76,232.45,0.21,231.83,242.16,2221916,-7.6,False
2025-12-26,AAPL,236.05,1747141,234.01,236.87,233.41,0.87,231.39,242.17,2221916,-21.4,False
2025-12-29,AAPL,236.93,1685511,236.05,238.82,235.06,0.37,231.5,242.14,2221916,-24.1,False
2025-12-30,AAPL,242.32,2198138,236.93,245.06,236.1,2.27,231.94,242.13,2221916,-1.1,False
2025-12-31,AAPL,242.7,2440268,242.32,244.75,240.09,0.16,232.88,242.14,2221916,9.8,False
